{
  "baseline": "svm_tfidf",
  "config_name": "svm_tfidf_high_capacity",
  "vectorizer_params": {
    "lowercase": true,
    "ngram_range": [
      1,
      2
    ],
    "min_df": 2,
    "max_df": 0.98,
    "max_features": 50000,
    "smooth_idf": true,
    "use_idf": true
  },
  "classifier_params": {
    "C": 2.0,
    "max_iter": 3000,
    "random_state": 42,
    "dual": false
  },
  "metrics": {
    "accuracy": 0.632,
    "precision": 0.6434782608695652,
    "recall": 0.592,
    "f1": 0.6166666666666667
  },
  "classification_report": {
    "negative": {
      "precision": 0.6222222222222222,
      "recall": 0.672,
      "f1-score": 0.6461538461538462,
      "support": 250.0
    },
    "positive": {
      "precision": 0.6434782608695652,
      "recall": 0.592,
      "f1-score": 0.6166666666666667,
      "support": 250.0
    },
    "accuracy": 0.632,
    "macro avg": {
      "precision": 0.6328502415458936,
      "recall": 0.632,
      "f1-score": 0.6314102564102564,
      "support": 500.0
    },
    "weighted avg": {
      "precision": 0.6328502415458938,
      "recall": 0.632,
      "f1-score": 0.6314102564102565,
      "support": 500.0
    }
  },
  "timestamp": "2026-04-19T22:27:27.696907",
  "n_train": 500,
  "n_test": 500
}