{
  "baseline": "svm_tfidf",
  "config_name": "svm_tfidf_unigrams",
  "vectorizer_params": {
    "lowercase": true,
    "ngram_range": [
      1,
      1
    ],
    "min_df": 5,
    "max_df": 0.95,
    "max_features": 20000,
    "smooth_idf": true,
    "use_idf": true
  },
  "classifier_params": {
    "C": 1.0,
    "max_iter": 2000,
    "random_state": 42,
    "dual": false
  },
  "metrics": {
    "accuracy": 0.596,
    "precision": 0.5991735537190083,
    "recall": 0.58,
    "f1": 0.5894308943089431
  },
  "classification_report": {
    "negative": {
      "precision": 0.5930232558139535,
      "recall": 0.612,
      "f1-score": 0.6023622047244095,
      "support": 250.0
    },
    "positive": {
      "precision": 0.5991735537190083,
      "recall": 0.58,
      "f1-score": 0.5894308943089431,
      "support": 250.0
    },
    "accuracy": 0.596,
    "macro avg": {
      "precision": 0.5960984047664809,
      "recall": 0.596,
      "f1-score": 0.5958965495166764,
      "support": 500.0
    },
    "weighted avg": {
      "precision": 0.5960984047664809,
      "recall": 0.596,
      "f1-score": 0.5958965495166763,
      "support": 500.0
    }
  },
  "timestamp": "2026-04-19T22:27:27.252567",
  "n_train": 500,
  "n_test": 500
}